Province/State;Country/Region;Lat;Long;Date;Confirmed;Deaths;Recovered;Active;WHO Region;DeathNumber
;Ecuador;-18.312;-781.834;22/1/2020;0;0;0;0;Americas;0
;Ecuador;-18.312;-781.834;23/1/2020;0;0;0;0;Americas;0
;Ecuador;-18.312;-781.834;24/1/2020;0;0;0;0;Americas;0
;Ecuador;-18.312;-781.834;25/1/2020;0;0;0;0;Americas;0
;Ecuador;-18.312;-781.834;26/1/2020;0;0;0;0;Americas;0
;Ecuador;-18.312;-781.834;27/1/2020;0;0;0;0;Americas;0
;Ecuador;-18.312;-781.834;28/1/2020;0;0;0;0;Americas;0
;Ecuador;-18.312;-781.834;29/1/2020;0;0;0;0;Americas;0
;Ecuador;-18.312;-781.834;30/1/2020;0;0;0;0;Americas;0
;Ecuador;-18.312;-781.834;31/1/2020;0;0;0;0;Americas;0
;Ecuador;-18.312;-781.834;1/2/2020;0;0;0;0;Americas;0
;Ecuador;-18.312;-781.834;2/2/2020;0;0;0;0;Americas;0
;Ecuador;-18.312;-781.834;3/2/2020;0;0;0;0;Americas;0
;Ecuador;-18.312;-781.834;4/2/2020;0;0;0;0;Americas;0
;Ecuador;-18.312;-781.834;5/2/2020;0;0;0;0;Americas;0
;Ecuador;-18.312;-781.834;6/2/2020;0;0;0;0;Americas;0
;Ecuador;-18.312;-781.834;7/2/2020;0;0;0;0;Americas;0
;Ecuador;-18.312;-781.834;8/2/2020;0;0;0;0;Americas;0
;Ecuador;-18.312;-781.834;9/2/2020;0;0;0;0;Americas;0
;Ecuador;-18.312;-781.834;10/2/2020;0;0;0;0;Americas;0
;Ecuador;-18.312;-781.834;11/2/2020;0;0;0;0;Americas;0
;Ecuador;-18.312;-781.834;12/2/2020;0;0;0;0;Americas;0
;Ecuador;-18.312;-781.834;13/2/2020;0;0;0;0;Americas;0
;Ecuador;-18.312;-781.834;14/2/2020;0;0;0;0;Americas;0
;Ecuador;-18.312;-781.834;15/2/2020;0;0;0;0;Americas;0
;Ecuador;-18.312;-781.834;16/2/2020;0;0;0;0;Americas;0
;Ecuador;-18.312;-781.834;17/2/2020;0;0;0;0;Americas;0
;Ecuador;-18.312;-781.834;18/2/2020;0;0;0;0;Americas;0
;Ecuador;-18.312;-781.834;19/2/2020;0;0;0;0;Americas;0
;Ecuador;-18.312;-781.834;20/2/2020;0;0;0;0;Americas;0
;Ecuador;-18.312;-781.834;21/2/2020;0;0;0;0;Americas;0
;Ecuador;-18.312;-781.834;22/2/2020;0;0;0;0;Americas;0
;Ecuador;-18.312;-781.834;23/2/2020;0;0;0;0;Americas;0
;Ecuador;-18.312;-781.834;24/2/2020;0;0;0;0;Americas;0
;Ecuador;-18.312;-781.834;25/2/2020;0;0;0;0;Americas;0
;Ecuador;-18.312;-781.834;26/2/2020;0;0;0;0;Americas;0
;Ecuador;-18.312;-781.834;27/2/2020;0;0;0;0;Americas;0
;Ecuador;-18.312;-781.834;28/2/2020;0;0;0;0;Americas;0
;Ecuador;-18.312;-781.834;29/2/2020;0;0;0;0;Americas;0
;Ecuador;-18.312;-781.834;1/3/2020;6;0;0;6;Americas;0
;Ecuador;-18.312;-781.834;2/3/2020;6;0;0;6;Americas;0
;Ecuador;-18.312;-781.834;3/3/2020;7;0;0;7;Americas;0
;Ecuador;-18.312;-781.834;4/3/2020;10;0;0;10;Americas;0
;Ecuador;-18.312;-781.834;5/3/2020;13;0;0;13;Americas;0
;Ecuador;-18.312;-781.834;6/3/2020;13;0;0;13;Americas;0
;Ecuador;-18.312;-781.834;7/3/2020;13;0;0;13;Americas;0
;Ecuador;-18.312;-781.834;8/3/2020;14;0;0;14;Americas;0
;Ecuador;-18.312;-781.834;9/3/2020;15;0;0;15;Americas;0
;Ecuador;-18.312;-781.834;10/3/2020;15;0;0;15;Americas;0
;Ecuador;-18.312;-781.834;11/3/2020;17;0;0;17;Americas;0
;Ecuador;-18.312;-781.834;12/3/2020;17;0;0;17;Americas;0
;Ecuador;-18.312;-781.834;13/3/2020;17;0;0;17;Americas;0
;Ecuador;-18.312;-781.834;14/3/2020;28;2;0;26;Americas;2
;Ecuador;-18.312;-781.834;15/3/2020;28;2;0;26;Americas;0
;Ecuador;-18.312;-781.834;16/3/2020;37;2;0;35;Americas;0
;Ecuador;-18.312;-781.834;17/3/2020;58;2;0;56;Americas;0
;Ecuador;-18.312;-781.834;18/3/2020;111;2;0;109;Americas;0
;Ecuador;-18.312;-781.834;19/3/2020;199;3;0;196;Americas;1
;Ecuador;-18.312;-781.834;20/3/2020;367;5;0;362;Americas;2
;Ecuador;-18.312;-781.834;21/3/2020;506;7;3;496;Americas;2
;Ecuador;-18.312;-781.834;22/3/2020;789;14;3;772;Americas;7
;Ecuador;-18.312;-781.834;23/3/2020;981;18;3;960;Americas;4
;Ecuador;-18.312;-781.834;24/3/2020;1082;27;3;1052;Americas;9
;Ecuador;-18.312;-781.834;25/3/2020;1173;28;3;1142;Americas;1
;Ecuador;-18.312;-781.834;26/3/2020;1403;34;3;1366;Americas;6
;Ecuador;-18.312;-781.834;27/3/2020;1595;36;3;1556;Americas;2
;Ecuador;-18.312;-781.834;28/3/2020;1823;48;3;1772;Americas;12
;Ecuador;-18.312;-781.834;29/3/2020;1924;58;3;1863;Americas;10
;Ecuador;-18.312;-781.834;30/3/2020;1962;60;3;1899;Americas;2
;Ecuador;-18.312;-781.834;31/3/2020;2240;75;54;2111;Americas;15
;Ecuador;-18.312;-781.834;1/4/2020;2748;93;58;2597;Americas;18
;Ecuador;-18.312;-781.834;2/4/2020;3163;120;65;2978;Americas;27
;Ecuador;-18.312;-781.834;3/4/2020;3368;145;65;3158;Americas;25
;Ecuador;-18.312;-781.834;4/4/2020;3465;172;100;3193;Americas;27
;Ecuador;-18.312;-781.834;5/4/2020;3646;180;100;3366;Americas;8
;Ecuador;-18.312;-781.834;6/4/2020;3747;191;100;3456;Americas;11
;Ecuador;-18.312;-781.834;7/4/2020;3747;191;100;3456;Americas;0
;Ecuador;-18.312;-781.834;8/4/2020;4450;242;140;4068;Americas;51
;Ecuador;-18.312;-781.834;9/4/2020;4965;272;339;4354;Americas;30
;Ecuador;-18.312;-781.834;10/4/2020;7161;297;368;6496;Americas;25
;Ecuador;-18.312;-781.834;11/4/2020;7257;315;411;6531;Americas;18
;Ecuador;-18.312;-781.834;12/4/2020;7466;333;501;6632;Americas;18
;Ecuador;-18.312;-781.834;13/4/2020;7529;355;597;6577;Americas;22
;Ecuador;-18.312;-781.834;14/4/2020;7603;369;696;6538;Americas;14
;Ecuador;-18.312;-781.834;15/4/2020;7858;388;780;6690;Americas;19
;Ecuador;-18.312;-781.834;16/4/2020;8225;403;838;6984;Americas;15
;Ecuador;-18.312;-781.834;17/4/2020;8450;421;838;7191;Americas;18
;Ecuador;-18.312;-781.834;18/4/2020;9022;456;1008;7558;Americas;35
;Ecuador;-18.312;-781.834;19/4/2020;9468;474;1061;7933;Americas;18
;Ecuador;-18.312;-781.834;20/4/2020;10128;507;1150;8471;Americas;33
;Ecuador;-18.312;-781.834;21/4/2020;10398;520;1207;8671;Americas;13
;Ecuador;-18.312;-781.834;22/4/2020;10850;537;1262;9051;Americas;17
;Ecuador;-18.312;-781.834;23/4/2020;11183;560;1328;9295;Americas;23
;Ecuador;-18.312;-781.834;24/4/2020;22719;576;1366;20777;Americas;16
;Ecuador;-18.312;-781.834;25/4/2020;22719;576;1366;20777;Americas;0
;Ecuador;-18.312;-781.834;26/4/2020;22719;576;1366;20777;Americas;0
;Ecuador;-18.312;-781.834;27/4/2020;23240;663;1557;21020;Americas;87
;Ecuador;-18.312;-781.834;28/4/2020;24258;871;1557;21830;Americas;208
;Ecuador;-18.312;-781.834;29/4/2020;24675;883;1557;22235;Americas;12
;Ecuador;-18.312;-781.834;30/4/2020;24934;900;1558;22476;Americas;17
;Ecuador;-18.312;-781.834;1/5/2020;26336;1063;1913;23360;Americas;163
;Ecuador;-18.312;-781.834;2/5/2020;27464;1371;2132;23961;Americas;308
;Ecuador;-18.312;-781.834;3/5/2020;29538;1564;3300;24674;Americas;193
;Ecuador;-18.312;-781.834;4/5/2020;31881;1569;3433;26879;Americas;5
;Ecuador;-18.312;-781.834;5/5/2020;31881;1569;3433;26879;Americas;0
;Ecuador;-18.312;-781.834;6/5/2020;31881;1618;3433;26830;Americas;49
;Ecuador;-18.312;-781.834;7/5/2020;30298;1654;3433;25211;Americas;36
;Ecuador;-18.312;-781.834;8/5/2020;28818;1704;3433;23681;Americas;50
;Ecuador;-18.312;-781.834;9/5/2020;29071;1717;3433;23921;Americas;13
;Ecuador;-18.312;-781.834;10/5/2020;29559;2127;3433;23999;Americas;410
;Ecuador;-18.312;-781.834;11/5/2020;29509;2145;3433;23931;Americas;18
;Ecuador;-18.312;-781.834;12/5/2020;30419;2327;3433;24659;Americas;182
;Ecuador;-18.312;-781.834;13/5/2020;30486;2334;3433;24719;Americas;7
;Ecuador;-18.312;-781.834;14/5/2020;30502;2338;3433;24731;Americas;4
;Ecuador;-18.312;-781.834;15/5/2020;31467;2594;3433;25440;Americas;256
;Ecuador;-18.312;-781.834;16/5/2020;32763;2688;3433;26642;Americas;94
;Ecuador;-18.312;-781.834;17/5/2020;33182;2736;3433;27013;Americas;48
;Ecuador;-18.312;-781.834;18/5/2020;33582;2799;3433;27350;Americas;63
;Ecuador;-18.312;-781.834;19/5/2020;34151;2839;3457;27855;Americas;40
;Ecuador;-18.312;-781.834;20/5/2020;34854;2888;3557;28409;Americas;49
;Ecuador;-18.312;-781.834;21/5/2020;35306;2939;3557;28810;Americas;51
;Ecuador;-18.312;-781.834;22/5/2020;35828;3056;3557;29215;Americas;117
;Ecuador;-18.312;-781.834;23/5/2020;36258;3096;3557;29605;Americas;40
;Ecuador;-18.312;-781.834;24/5/2020;36756;3108;3560;30088;Americas;12
;Ecuador;-18.312;-781.834;25/5/2020;37355;3203;18003;16149;Americas;95
;Ecuador;-18.312;-781.834;26/5/2020;37355;3203;18003;16149;Americas;0
;Ecuador;-18.312;-781.834;27/5/2020;38103;3275;18425;16403;Americas;72
;Ecuador;-18.312;-781.834;28/5/2020;38471;3313;18425;16733;Americas;38
;Ecuador;-18.312;-781.834;29/5/2020;38571;3334;19190;16047;Americas;21
;Ecuador;-18.312;-781.834;30/5/2020;38571;3334;19190;16047;Americas;0
;Ecuador;-18.312;-781.834;31/5/2020;39098;3358;19592;16148;Americas;24
;Ecuador;-18.312;-781.834;1/6/2020;39098;3358;19592;16148;Americas;0
;Ecuador;-18.312;-781.834;2/6/2020;40414;3438;20019;16957;Americas;80
;Ecuador;-18.312;-781.834;3/6/2020;40966;3486;20019;17461;Americas;48
;Ecuador;-18.312;-781.834;4/6/2020;40966;3486;20019;17461;Americas;0
;Ecuador;-18.312;-781.834;5/6/2020;41575;3534;20568;17473;Americas;48
;Ecuador;-18.312;-781.834;6/6/2020;42728;3608;21020;18100;Americas;74
;Ecuador;-18.312;-781.834;7/6/2020;43120;3621;21020;18479;Americas;13
;Ecuador;-18.312;-781.834;8/6/2020;43378;3642;21020;18716;Americas;21
;Ecuador;-18.312;-781.834;9/6/2020;43917;3690;21020;19207;Americas;48
;Ecuador;-18.312;-781.834;10/6/2020;44440;3720;21862;18858;Americas;30
;Ecuador;-18.312;-781.834;11/6/2020;44440;3720;21862;18858;Americas;0
;Ecuador;-18.312;-781.834;12/6/2020;45778;3828;22679;19271;Americas;108
;Ecuador;-18.312;-781.834;13/6/2020;46356;3874;22865;19617;Americas;46
;Ecuador;-18.312;-781.834;14/6/2020;46751;3896;23064;19791;Americas;22
;Ecuador;-18.312;-781.834;15/6/2020;47322;3929;23349;20044;Americas;33
;Ecuador;-18.312;-781.834;16/6/2020;47943;3970;23684;20289;Americas;41
;Ecuador;-18.312;-781.834;17/6/2020;48490;4007;23881;20602;Americas;37
;Ecuador;-18.312;-781.834;18/6/2020;49097;4087;24123;20887;Americas;80
;Ecuador;-18.312;-781.834;19/6/2020;49731;4156;24446;21129;Americas;69
;Ecuador;-18.312;-781.834;20/6/2020;49731;4156;24446;21129;Americas;0
;Ecuador;-18.312;-781.834;21/6/2020;50640;4223;24991;21426;Americas;67
;Ecuador;-18.312;-781.834;22/6/2020;50640;4223;24991;21426;Americas;0
;Ecuador;-18.312;-781.834;23/6/2020;51643;4274;24991;22378;Americas;51
;Ecuador;-18.312;-781.834;24/6/2020;51643;4274;24991;22378;Americas;0
;Ecuador;-18.312;-781.834;25/6/2020;53156;4343;26097;22716;Americas;69
;Ecuador;-18.312;-781.834;26/6/2020;53856;4406;26493;22957;Americas;63
;Ecuador;-18.312;-781.834;27/6/2020;54574;4424;26920;23230;Americas;18
;Ecuador;-18.312;-781.834;28/6/2020;55255;4429;27058;23768;Americas;5
;Ecuador;-18.312;-781.834;29/6/2020;55665;4502;27430;23733;Americas;73
;Ecuador;-18.312;-781.834;30/6/2020;56432;4527;27594;24311;Americas;25
;Ecuador;-18.312;-781.834;1/7/2020;58257;4576;27887;25794;Americas;49
;Ecuador;-18.312;-781.834;2/7/2020;59468;4639;28032;26797;Americas;63
;Ecuador;-18.312;-781.834;3/7/2020;60657;4700;28391;27566;Americas;61
;Ecuador;-18.312;-781.834;4/7/2020;61535;4769;28507;28259;Americas;69
;Ecuador;-18.312;-781.834;5/7/2020;61958;4781;28722;28455;Americas;12
;Ecuador;-18.312;-781.834;6/7/2020;62380;4821;28872;28687;Americas;40
;Ecuador;-18.312;-781.834;7/7/2020;63245;4873;29071;29301;Americas;52
;Ecuador;-18.312;-781.834;8/7/2020;63245;4873;29071;29301;Americas;0
;Ecuador;-18.312;-781.834;9/7/2020;64221;4900;29184;30137;Americas;27
;Ecuador;-18.312;-781.834;10/7/2020;65018;4939;29577;30502;Americas;39
;Ecuador;-18.312;-781.834;11/7/2020;67209;5031;30107;32071;Americas;92
;Ecuador;-18.312;-781.834;12/7/2020;67870;5047;30283;32540;Americas;16
;Ecuador;-18.312;-781.834;13/7/2020;68459;5063;30369;33027;Americas;16
;Ecuador;-18.312;-781.834;14/7/2020;69570;5130;30484;33956;Americas;67
;Ecuador;-18.312;-781.834;15/7/2020;70329;5158;30641;34530;Americas;28
;Ecuador;-18.312;-781.834;16/7/2020;71365;5207;31260;34898;Americas;49
;Ecuador;-18.312;-781.834;17/7/2020;72444;5250;31404;35790;Americas;43
;Ecuador;-18.312;-781.834;18/7/2020;73382;5282;31757;36343;Americas;32
;Ecuador;-18.312;-781.834;19/7/2020;74013;5313;31901;36799;Americas;31
;Ecuador;-18.312;-781.834;20/7/2020;74620;5318;31955;37347;Americas;5
;Ecuador;-18.312;-781.834;21/7/2020;76217;5366;32725;38126;Americas;48
;Ecuador;-18.312;-781.834;22/7/2020;77257;5418;33125;38714;Americas;52
;Ecuador;-18.312;-781.834;23/7/2020;78148;5439;33455;39254;Americas;21
;Ecuador;-18.312;-781.834;24/7/2020;79049;5468;34544;39037;Americas;29
;Ecuador;-18.312;-781.834;25/7/2020;80036;5507;34544;39985;Americas;39
;Ecuador;-18.312;-781.834;26/7/2020;80694;5515;34896;40283;Americas;8
;Ecuador;-18.312;-781.834;27/7/2020;81161;5532;34896;40733;Americas;17
;Colombia;45.709;-742.973;22/1/2020;0;0;0;0;Americas;0
;Colombia;45.709;-742.973;23/1/2020;0;0;0;0;Americas;0
;Colombia;45.709;-742.973;24/1/2020;0;0;0;0;Americas;0
;Colombia;45.709;-742.973;25/1/2020;0;0;0;0;Americas;0
;Colombia;45.709;-742.973;26/1/2020;0;0;0;0;Americas;0
;Colombia;45.709;-742.973;27/1/2020;0;0;0;0;Americas;0
;Colombia;45.709;-742.973;28/1/2020;0;0;0;0;Americas;0
;Colombia;45.709;-742.973;29/1/2020;0;0;0;0;Americas;0
;Colombia;45.709;-742.973;30/1/2020;0;0;0;0;Americas;0
;Colombia;45.709;-742.973;31/1/2020;0;0;0;0;Americas;0
;Colombia;45.709;-742.973;1/2/2020;0;0;0;0;Americas;0
;Colombia;45.709;-742.973;2/2/2020;0;0;0;0;Americas;0
;Colombia;45.709;-742.973;3/2/2020;0;0;0;0;Americas;0
;Colombia;45.709;-742.973;4/2/2020;0;0;0;0;Americas;0
;Colombia;45.709;-742.973;5/2/2020;0;0;0;0;Americas;0
;Colombia;45.709;-742.973;6/2/2020;0;0;0;0;Americas;0
;Colombia;45.709;-742.973;7/2/2020;0;0;0;0;Americas;0
;Colombia;45.709;-742.973;8/2/2020;0;0;0;0;Americas;0
;Colombia;45.709;-742.973;9/2/2020;0;0;0;0;Americas;0
;Colombia;45.709;-742.973;10/2/2020;0;0;0;0;Americas;0
;Colombia;45.709;-742.973;11/2/2020;0;0;0;0;Americas;0
;Colombia;45.709;-742.973;12/2/2020;0;0;0;0;Americas;0
;Colombia;45.709;-742.973;13/2/2020;0;0;0;0;Americas;0
;Colombia;45.709;-742.973;14/2/2020;0;0;0;0;Americas;0
;Colombia;45.709;-742.973;15/2/2020;0;0;0;0;Americas;0
;Colombia;45.709;-742.973;16/2/2020;0;0;0;0;Americas;0
;Colombia;45.709;-742.973;17/2/2020;0;0;0;0;Americas;0
;Colombia;45.709;-742.973;18/2/2020;0;0;0;0;Americas;0
;Colombia;45.709;-742.973;19/2/2020;0;0;0;0;Americas;0
;Colombia;45.709;-742.973;20/2/2020;0;0;0;0;Americas;0
;Colombia;45.709;-742.973;21/2/2020;0;0;0;0;Americas;0
;Colombia;45.709;-742.973;22/2/2020;0;0;0;0;Americas;0
;Colombia;45.709;-742.973;23/2/2020;0;0;0;0;Americas;0
;Colombia;45.709;-742.973;24/2/2020;0;0;0;0;Americas;0
;Colombia;45.709;-742.973;25/2/2020;0;0;0;0;Americas;0
;Colombia;45.709;-742.973;26/2/2020;0;0;0;0;Americas;0
;Colombia;45.709;-742.973;27/2/2020;0;0;0;0;Americas;0
;Colombia;45.709;-742.973;28/2/2020;0;0;0;0;Americas;0
;Colombia;45.709;-742.973;29/2/2020;0;0;0;0;Americas;0
;Colombia;45.709;-742.973;1/3/2020;0;0;0;0;Americas;0
;Colombia;45.709;-742.973;2/3/2020;0;0;0;0;Americas;0
;Colombia;45.709;-742.973;3/3/2020;0;0;0;0;Americas;0
;Colombia;45.709;-742.973;4/3/2020;0;0;0;0;Americas;0
;Colombia;45.709;-742.973;5/3/2020;0;0;0;0;Americas;0
;Colombia;45.709;-742.973;6/3/2020;1;0;0;1;Americas;0
;Colombia;45.709;-742.973;7/3/2020;1;0;0;1;Americas;0
;Colombia;45.709;-742.973;8/3/2020;1;0;0;1;Americas;0
;Colombia;45.709;-742.973;9/3/2020;1;0;0;1;Americas;0
;Colombia;45.709;-742.973;10/3/2020;3;0;0;3;Americas;0
;Colombia;45.709;-742.973;11/3/2020;9;0;0;9;Americas;0
;Colombia;45.709;-742.973;12/3/2020;9;0;0;9;Americas;0
;Colombia;45.709;-742.973;13/3/2020;13;0;0;13;Americas;0
;Colombia;45.709;-742.973;14/3/2020;22;0;0;22;Americas;0
;Colombia;45.709;-742.973;15/3/2020;34;0;0;34;Americas;0
;Colombia;45.709;-742.973;16/3/2020;57;0;0;57;Americas;0
;Colombia;45.709;-742.973;17/3/2020;75;0;1;74;Americas;0
;Colombia;45.709;-742.973;18/3/2020;102;0;1;101;Americas;0
;Colombia;45.709;-742.973;19/3/2020;108;0;1;107;Americas;0
;Colombia;45.709;-742.973;20/3/2020;158;0;1;157;Americas;0
;Colombia;45.709;-742.973;21/3/2020;196;0;1;195;Americas;0
;Colombia;45.709;-742.973;22/3/2020;231;2;3;226;Americas;2
;Colombia;45.709;-742.973;23/3/2020;277;3;3;271;Americas;1
;Colombia;45.709;-742.973;24/3/2020;378;3;6;369;Americas;0
;Colombia;45.709;-742.973;25/3/2020;470;4;8;458;Americas;1
;Colombia;45.709;-742.973;26/3/2020;491;6;8;477;Americas;2
;Colombia;45.709;-742.973;27/3/2020;539;6;10;523;Americas;0
;Colombia;45.709;-742.973;28/3/2020;608;6;10;592;Americas;0
;Colombia;45.709;-742.973;29/3/2020;702;10;10;682;Americas;4
;Colombia;45.709;-742.973;30/3/2020;798;12;15;771;Americas;2
;Colombia;45.709;-742.973;31/3/2020;906;16;31;859;Americas;4
;Colombia;45.709;-742.973;1/4/2020;1065;17;39;1009;Americas;1
;Colombia;45.709;-742.973;2/4/2020;1161;19;55;1087;Americas;2
;Colombia;45.709;-742.973;3/4/2020;1267;25;55;1187;Americas;6
;Colombia;45.709;-742.973;4/4/2020;1406;32;85;1289;Americas;7
;Colombia;45.709;-742.973;5/4/2020;1485;35;88;1362;Americas;3
;Colombia;45.709;-742.973;6/4/2020;1579;46;88;1445;Americas;11
;Colombia;45.709;-742.973;7/4/2020;1780;50;100;1630;Americas;4
;Colombia;45.709;-742.973;8/4/2020;2054;54;123;1877;Americas;4
;Colombia;45.709;-742.973;9/4/2020;2223;69;174;1980;Americas;15
;Colombia;45.709;-742.973;10/4/2020;2473;80;197;2196;Americas;11
;Colombia;45.709;-742.973;11/4/2020;2709;100;214;2395;Americas;20
;Colombia;45.709;-742.973;12/4/2020;2776;109;270;2397;Americas;9
;Colombia;45.709;-742.973;13/4/2020;2852;112;319;2421;Americas;3
;Colombia;45.709;-742.973;14/4/2020;2979;127;354;2498;Americas;15
;Colombia;45.709;-742.973;15/4/2020;3105;131;452;2522;Americas;4
;Colombia;45.709;-742.973;16/4/2020;3233;144;550;2539;Americas;13
;Colombia;45.709;-742.973;17/4/2020;3439;153;634;2652;Americas;9
;Colombia;45.709;-742.973;18/4/2020;3621;166;634;2821;Americas;13
;Colombia;45.709;-742.973;19/4/2020;3792;179;711;2902;Americas;13
;Colombia;45.709;-742.973;20/4/2020;3977;189;804;2984;Americas;10
;Colombia;45.709;-742.973;21/4/2020;4149;196;804;3149;Americas;7
;Colombia;45.709;-742.973;22/4/2020;4356;206;870;3280;Americas;10
;Colombia;45.709;-742.973;23/4/2020;4561;215;927;3419;Americas;9
;Colombia;45.709;-742.973;24/4/2020;4881;225;1003;3653;Americas;10
;Colombia;45.709;-742.973;25/4/2020;5142;233;1067;3842;Americas;8
;Colombia;45.709;-742.973;26/4/2020;5379;244;1133;4002;Americas;11
;Colombia;45.709;-742.973;27/4/2020;5597;253;1210;4134;Americas;9
;Colombia;45.709;-742.973;28/4/2020;5949;269;1268;4412;Americas;16
;Colombia;45.709;-742.973;29/4/2020;6207;278;1411;4518;Americas;9
;Colombia;45.709;-742.973;30/4/2020;6507;293;1439;4775;Americas;15
;Colombia;45.709;-742.973;1/5/2020;7006;314;1551;5141;Americas;21
;Colombia;45.709;-742.973;2/5/2020;7285;324;1666;5295;Americas;10
;Colombia;45.709;-742.973;3/5/2020;7668;340;1722;5606;Americas;16
;Colombia;45.709;-742.973;4/5/2020;7973;358;1807;5808;Americas;18
;Colombia;45.709;-742.973;5/5/2020;8613;378;2013;6222;Americas;20
;Colombia;45.709;-742.973;6/5/2020;8959;397;2148;6414;Americas;19
;Colombia;45.709;-742.973;7/5/2020;9456;407;2300;6749;Americas;10
;Colombia;45.709;-742.973;8/5/2020;10051;428;2424;7199;Americas;21
;Colombia;45.709;-742.973;9/5/2020;10495;445;2569;7481;Americas;17
;Colombia;45.709;-742.973;10/5/2020;11063;463;2705;7895;Americas;18
;Colombia;45.709;-742.973;11/5/2020;11613;479;2825;8309;Americas;16
;Colombia;45.709;-742.973;12/5/2020;12272;493;2971;8808;Americas;14
;Colombia;45.709;-742.973;13/5/2020;12930;509;3133;9288;Americas;16
;Colombia;45.709;-742.973;14/5/2020;13610;525;3358;9727;Americas;16
;Colombia;45.709;-742.973;15/5/2020;14216;546;3460;10210;Americas;21
;Colombia;45.709;-742.973;16/5/2020;14939;562;3587;10790;Americas;16
;Colombia;45.709;-742.973;17/5/2020;15574;574;3751;11249;Americas;12
;Colombia;45.709;-742.973;18/5/2020;16295;592;3903;11800;Americas;18
;Colombia;45.709;-742.973;19/5/2020;16935;613;4050;12272;Americas;21
;Colombia;45.709;-742.973;20/5/2020;17687;630;4256;12801;Americas;17
;Colombia;45.709;-742.973;21/5/2020;18330;652;4431;13247;Americas;22
;Colombia;45.709;-742.973;22/5/2020;19131;682;4575;13874;Americas;30
;Colombia;45.709;-742.973;23/5/2020;20177;705;4718;14754;Americas;23
;Colombia;45.709;-742.973;24/5/2020;21175;727;5016;15432;Americas;22
;Colombia;45.709;-742.973;25/5/2020;21981;750;5265;15966;Americas;23
;Colombia;45.709;-742.973;26/5/2020;23003;776;5511;16716;Americas;26
;Colombia;45.709;-742.973;27/5/2020;24104;803;6111;17190;Americas;27
;Colombia;45.709;-742.973;28/5/2020;25366;822;6132;18412;Americas;19
;Colombia;45.709;-742.973;29/5/2020;26688;853;6687;19148;Americas;31
;Colombia;45.709;-742.973;30/5/2020;28236;890;6935;20411;Americas;37
;Colombia;45.709;-742.973;31/5/2020;29383;939;7032;21412;Americas;49
;Colombia;45.709;-742.973;1/6/2020;30493;969;8384;21140;Americas;30
;Colombia;45.709;-742.973;2/6/2020;31833;1009;9689;21135;Americas;40
;Colombia;45.709;-742.973;3/6/2020;33354;1045;11171;21138;Americas;36
;Colombia;45.709;-742.973;4/6/2020;35120;1087;12319;21714;Americas;42
;Colombia;45.709;-742.973;5/6/2020;36635;1145;13670;21820;Americas;58
;Colombia;45.709;-742.973;6/6/2020;38027;1205;13670;23152;Americas;60
;Colombia;45.709;-742.973;7/6/2020;39236;1259;14414;23563;Americas;54
;Colombia;45.709;-742.973;8/6/2020;40719;1308;16459;22952;Americas;49
;Colombia;45.709;-742.973;9/6/2020;42078;1372;16459;24247;Americas;64
;Colombia;45.709;-742.973;10/6/2020;43682;1433;16566;25683;Americas;61
;Colombia;45.709;-742.973;11/6/2020;45212;1488;17366;26358;Americas;55
;Colombia;45.709;-742.973;12/6/2020;46858;1545;17823;27490;Americas;57
;Colombia;45.709;-742.973;13/6/2020;48746;1592;18749;28405;Americas;47
;Colombia;45.709;-742.973;14/6/2020;50939;1667;19460;29812;Americas;75
;Colombia;45.709;-742.973;15/6/2020;53063;1726;19985;31352;Americas;59
;Colombia;45.709;-742.973;16/6/2020;54931;1801;19986;33144;Americas;75
;Colombia;45.709;-742.973;17/6/2020;57046;1864;20400;34782;Americas;63
;Colombia;45.709;-742.973;18/6/2020;60217;1950;21361;36906;Americas;86
;Colombia;45.709;-742.973;19/6/2020;63276;2045;22726;38505;Americas;95
;Colombia;45.709;-742.973;20/6/2020;65633;2126;24035;39472;Americas;81
;Colombia;45.709;-742.973;21/6/2020;68652;2237;27412;39003;Americas;111
;Colombia;45.709;-742.973;22/6/2020;71183;2310;29024;39849;Americas;73
;Colombia;45.709;-742.973;23/6/2020;73572;2404;30517;40651;Americas;94
;Colombia;45.709;-742.973;24/6/2020;77113;2491;30517;44105;Americas;87
;Colombia;45.709;-742.973;25/6/2020;80599;2654;31729;46216;Americas;163
;Colombia;45.709;-742.973;26/6/2020;84442;2811;33410;48221;Americas;157
;Colombia;45.709;-742.973;27/6/2020;88591;2939;34999;50653;Americas;128
;Colombia;45.709;-742.973;28/6/2020;91769;3178;38345;50246;Americas;239
;Colombia;45.709;-742.973;29/6/2020;95043;3274;38345;53424;Americas;96
;Colombia;45.709;-742.973;30/6/2020;97846;3334;40021;54491;Americas;60
;Colombia;45.709;-742.973;1/7/2020;102009;3470;42143;56396;Americas;136
;Colombia;45.709;-742.973;2/7/2020;106110;3641;43481;58988;Americas;171
;Colombia;45.709;-742.973;3/7/2020;109505;3777;44606;61122;Americas;136
;Colombia;45.709;-742.973;4/7/2020;113389;3942;45409;64038;Americas;165
;Colombia;45.709;-742.973;5/7/2020;117110;4064;46643;66403;Americas;122
;Colombia;45.709;-742.973;6/7/2020;120281;4210;47961;68110;Americas;146
;Colombia;45.709;-742.973;7/7/2020;124494;4359;50370;69765;Americas;149
;Colombia;45.709;-742.973;8/7/2020;128638;4527;51861;72250;Americas;168
;Colombia;45.709;-742.973;9/7/2020;133973;4714;53634;75625;Americas;187
;Colombia;45.709;-742.973;10/7/2020;140776;4925;56272;79579;Americas;211
;Colombia;45.709;-742.973;11/7/2020;145632;5119;58800;81713;Americas;194
;Colombia;45.709;-742.973;12/7/2020;150445;5307;61186;83952;Americas;188
;Colombia;45.709;-742.973;13/7/2020;154277;5455;63451;85371;Americas;148
;Colombia;45.709;-742.973;14/7/2020;159898;5625;65809;88464;Americas;170
;Colombia;45.709;-742.973;15/7/2020;165169;5814;68806;90549;Americas;189
;Colombia;45.709;-742.973;16/7/2020;173206;6029;71736;95441;Americas;215
;Colombia;45.709;-742.973;17/7/2020;182140;6288;80637;95215;Americas;259
;Colombia;45.709;-742.973;18/7/2020;190700;6516;85836;98348;Americas;228
;Colombia;45.709;-742.973;19/7/2020;197278;6736;91793;98749;Americas;220
;Colombia;45.709;-742.973;20/7/2020;204005;6929;95804;101272;Americas;193
;Colombia;45.709;-742.973;21/7/2020;211038;7166;98840;105032;Americas;237
;Colombia;45.709;-742.973;22/7/2020;218428;7373;101613;109442;Americas;207
;Colombia;45.709;-742.973;23/7/2020;226373;7688;107951;110734;Americas;315
;Colombia;45.709;-742.973;24/7/2020;233541;7975;113864;111702;Americas;287
;Colombia;45.709;-742.973;25/7/2020;240795;8269;119667;112859;Americas;294
;Colombia;45.709;-742.973;26/7/2020;240795;8269;119667;112859;Americas;0
;Colombia;45.709;-742.973;27/7/2020;257101;8777;131161;117163;Americas;508
